{
  "model_comparison": {
    "LinearRegression": {
      "MAE": 847.8459687908971,
      "RMSE": 1251.8275957215783,
      "MAPE": 12.722200223684357,
      "RMSPE": 23.006456312134542,
      "R2": 0.8435225430559047,
      "MaxError": 18848.839885150897,
      "MedAE": 586.0898138544289,
      "Bias": 56.32243363993555,
      "Samples": 152447,
      "training_time_seconds": 2.046417
    },
    "RandomForest": {
      "MAE": 663.581355618674,
      "RMSE": 982.7109993654423,
      "MAPE": 9.896035772283419,
      "RMSPE": 17.498470642223197,
      "R2": 0.9035695104760622,
      "MaxError": 16230.18,
      "MedAE": 455.8700000000008,
      "Bias": -54.69658268119412,
      "Samples": 152447,
      "training_time_seconds": 220.332039
    },
    "MeanBaseline": {
      "MAE": 2295.7809227244243,
      "RMSE": 3183.2826537269007,
      "MAPE": 36.58851986968449,
      "RMSPE": 57.23567006809589,
      "R2": -0.011843025959415332,
      "MaxError": 31848.194274596997,
      "MedAE": 1778.1942745969982,
      "Bias": 344.38955557989703,
      "Samples": 152447,
      "training_time_seconds": 0.009858
    }
  },
  "summary": {
    "best_model": "RandomForest",
    "best_mape": 9.896035772283419,
    "total_training_time": 222.388314,
    "execution_timestamp": "2026-02-17T08:49:55.725961"
  }
}