{
  "model_comparison": {
    "LinearRegression": {
      "MAE": 847.8459687908065,
      "RMSE": 1251.8275957213673,
      "MAPE": 12.722200223682009,
      "RMSPE": 23.00645631212861,
      "R2": 0.8435225430559574,
      "MaxError": 18848.839885192458,
      "MedAE": 586.0898138521006,
      "Bias": 56.32243363978631,
      "Samples": 152447,
      "training_time_seconds": 1.996737
    },
    "RandomForest": {
      "MAE": 662.3300402106962,
      "RMSE": 980.3391898678339,
      "MAPE": 9.865764906448764,
      "RMSPE": 17.373028180304388,
      "R2": 0.9040344258892126,
      "MaxError": 16301.779999999999,
      "MedAE": 456.14999999999964,
      "Bias": -52.945620707524576,
      "Samples": 152447,
      "training_time_seconds": 216.284176
    },
    "MeanBaseline": {
      "MAE": 2295.7809227244243,
      "RMSE": 3183.2826537269007,
      "MAPE": 36.5885198696845,
      "RMSPE": 57.23567006809589,
      "R2": -0.011843025959415332,
      "MaxError": 31848.194274596997,
      "MedAE": 1778.1942745969982,
      "Bias": 344.389555579897,
      "Samples": 152447,
      "training_time_seconds": 0.009527
    }
  },
  "summary": {
    "best_model": "RandomForest",
    "best_mape": 9.865764906448764,
    "total_training_time": 218.29044,
    "execution_timestamp": "2026-02-15T22:34:13.400345"
  }
}