{
  "model_comparison": {
    "LinearRegression": {
      "MAE": 860.7079378872031,
      "RMSE": 1266.9869820235133,
      "MAPE": 12.980758753579877,
      "RMSPE": 23.31678013632773,
      "R2": 0.8397899624769743,
      "MaxError": 18843.702255254728,
      "MedAE": 594.3998696102062,
      "Bias": 70.20136016885037,
      "Samples": 155252,
      "training_time_seconds": 2.169969
    },
    "RandomForest": {
      "MAE": 671.1937698709195,
      "RMSE": 992.8996229757337,
      "MAPE": 10.089605873104336,
      "RMSPE": 17.84267215125809,
      "R2": 0.9016088337384276,
      "MaxError": 15780.52,
      "MedAE": 461.2600000000002,
      "Bias": -64.15307358359313,
      "Samples": 155252,
      "training_time_seconds": 238.499108
    },
    "MeanBaseline": {
      "MAE": 2298.3768058697387,
      "RMSE": 3183.0395411319614,
      "MAPE": 36.80020267635163,
      "RMSPE": 57.571525513052805,
      "R2": -0.011182358597161324,
      "MaxError": 31847.51496646009,
      "MedAE": 1784.4850335399078,
      "Bias": 334.729507979686,
      "Samples": 155252,
      "training_time_seconds": 0.019203
    }
  },
  "summary": {
    "best_model": "RandomForest",
    "best_mape": 10.089605873104336,
    "total_training_time": 240.68828000000002,
    "execution_timestamp": "2026-03-18T11:33:27.657431"
  }
}