{
  "lambda_l1": 4.329370014459266e-07,
  "lambda_l2": 4.4734294104626844e-07,
  "num_leaves": 99,
  "max_depth": 10,
  "min_data_in_leaf": 141,
  "feature_fraction": 0.5601760271089231,
  "bagging_fraction": 0.7365190920973087,
  "bagging_freq": 1,
  "min_child_weight": 0.0005660670699258885,
  "learning_rate": 0.02240870575939826,
  "max_bin": 225,
  "extra_trees": true,
  "path_smooth": 5.142344384136116,
  "objective": "regression",
  "metric": "mape",
  "verbosity": -1,
  "boosting_type": "gbdt",
  "device": "cpu",
  "n_estimators": 689,
  "random_state": 42
}