{
  "lambda_l1": 7.241417793298852e-07,
  "lambda_l2": 0.0003596336084358376,
  "num_leaves": 120,
  "max_depth": 10,
  "min_data_in_leaf": 77,
  "feature_fraction": 0.9410890148497897,
  "bagging_fraction": 0.8868752111747326,
  "bagging_freq": 1,
  "min_child_samples": 32,
  "min_child_weight": 4.524410576895973,
  "learning_rate": 0.00803089990875336,
  "max_bin": 487,
  "extra_trees": true,
  "path_smooth": 8.072029359911667,
  "objective": "regression",
  "metric": "mape",
  "verbosity": -1,
  "boosting_type": "gbdt",
  "n_estimators": 20000,
  "random_state": 42
}