{
  "lambda_l1": 0.5829384542994738,
  "lambda_l2": 0.0018427970406864537,
  "num_leaves": 101,
  "min_data_in_leaf": 118,
  "feature_fraction": 0.7813325826908161,
  "bagging_fraction": 0.7971693224223705,
  "bagging_freq": 5,
  "min_child_weight": 1.1627201204016835,
  "learning_rate": 0.017756602567007333,
  "max_bin": 117,
  "path_smooth": 6.341568665265988,
  "objective": "regression",
  "metric": "l2",
  "verbosity": -1,
  "boosting_type": "gbdt",
  "device": "cpu",
  "random_state": 42
}