{
  "lambda_l1": 0.018059414336267596,
  "lambda_l2": 0.0014305926840984724,
  "num_leaves": 222,
  "min_data_in_leaf": 104,
  "feature_fraction": 0.7144626646549745,
  "bagging_fraction": 0.9485244766636666,
  "bagging_freq": 5,
  "min_child_weight": 2.10232024734124,
  "learning_rate": 0.021552626742246242,
  "max_bin": 126,
  "extra_trees": true,
  "path_smooth": 5.376162677277934,
  "objective": "regression",
  "metric": "l2",
  "verbosity": -1,
  "boosting_type": "gbdt",
  "device": "gpu",
  "gpu_platform_id": 0,
  "gpu_device_id": 0,
  "n_estimators": 797,
  "random_state": 42
}