{
  "analysis_date": "2025-12-03T21:35:31.446155",
  "best_model": "LightGBM",
  "best_mape": 9.977816534847094,
  "best_r2": 0.9089659249527451,
  "all_results": [
    {
      "model": "LightGBM",
      "MAPE": 9.977816534847094,
      "R2": 0.9089659249527451,
      "MAE": 677.2659575492715,
      "RMSE": 967.7950979484023
    },
    {
      "model": "RandomForest",
      "MAPE": 10.585136288259122,
      "R2": 0.8898614658674364,
      "MAE": 707.1940234808822,
      "RMSE": 1042.6765289510938
    },
    {
      "model": "LinearRegression",
      "MAPE": 14.497741333575881,
      "R2": 0.816843881960614,
      "MAE": 922.2059358655384,
      "RMSE": 1344.5924446052627
    },
    {
      "model": "MeanBaseline",
      "MAPE": 36.75537098705306,
      "R2": -0.011819998377025964,
      "MAE": 2286.353990104449,
      "RMSE": 3160.3237939196756
    }
  ]
}