{
  "analysis_date": "2026-02-10T02:10:49.290972",
  "best_model": "LightGBM",
  "best_mape": 9.70066154434849,
  "best_r2": 0.9154516341410224,
  "all_results": [
    {
      "model": "LightGBM",
      "MAPE": 9.70066154434849,
      "R2": 0.9154516341410224,
      "MAE": 652.5226168249148,
      "RMSE": 932.68294437435
    },
    {
      "model": "RandomForest",
      "MAPE": 9.786255134721237,
      "R2": 0.9066281908184413,
      "MAE": 665.486361997305,
      "RMSE": 980.1427073822267
    },
    {
      "model": "LinearRegression",
      "MAPE": 12.68647725671299,
      "R2": 0.8484578504506615,
      "MAE": 849.2804060884846,
      "RMSE": 1248.6713512531135
    },
    {
      "model": "MeanBaseline",
      "MAPE": 36.281284661073435,
      "R2": -0.018896702762593254,
      "MAE": 2326.0744765100485,
      "RMSE": 3237.773800123526
    }
  ]
}